experiment_id,lr,epochs,max_time,batch_size,seq_len,seq_est_len,est_direction,est_type,est_hidden_size,seed,FIT,RMSE
332,0.001,10000,3600,512,320,40,forward,FF,15,743,97.89669799804688,5.0299870781600475
9,0.001,10000,300,1024,40,10,forward,LSTM,15,204,90.59855651855469,22.483304142951965
693,0.001,10000,300,1024,80,40,forward,RAND,15,203,92.36365509033203,18.262101337313652
583,0.001,10000,1800,512,40,10,forward,RAND,15,67,95.24613952636719,11.368725448846817
192,0.001,10000,300,32,40,10,forward,FF,15,762,94.79791259765625,12.440646067261696
648,0.001,10000,300,32,160,20,forward,RAND,15,86,93.09524536132812,16.512546688318253
623,0.001,10000,3600,1024,320,10,forward,RAND,15,607,97.8116226196289,5.233449395745993
398,0.001,10000,3600,32,80,10,forward,ZERO,15,435,96.32294464111328,8.793564513325691
298,0.001,10000,1800,1024,40,40,forward,FF,15,96,96.41548919677734,8.572263643145561
34,0.001,10000,1800,1024,160,10,forward,LSTM,15,385,96.1152114868164,9.29036270827055
305,0.001,10000,3600,128,80,40,forward,FF,15,0,98.0408935546875,4.685143940150738
217,0.001,10000,1800,32,160,10,forward,FF,15,397,97.70897674560547,5.478919949382544
303,0.001,10000,300,128,80,40,forward,FF,15,407,94.3848648071289,13.428443111479282
325,0.001,10000,1800,32,320,40,forward,FF,15,549,95.7300796508789,10.211409069597721
594,0.001,10000,300,512,80,10,forward,RAND,15,274,94.71098327636719,12.648539617657661
748,0.001,10000,1800,128,160,80,forward,RAND,15,551,97.212646484375,6.665881257504225
488,0.001,10000,3600,512,40,40,forward,ZERO,15,571,98.46517944335938,3.6704749800264835
289,0.001,10000,1800,32,40,40,forward,FF,15,484,97.43515014648438,6.133759394288063
641,0.001,10000,3600,128,80,20,forward,RAND,15,717,98.19668579101562,4.3125757947564125
483,0.001,10000,300,128,40,40,forward,ZERO,15,379,95.27469635009766,11.300436221063137
671,0.001,10000,3600,1024,320,20,forward,RAND,15,610,97.7000503540039,5.500256083905697
716,0.001,10000,3600,512,320,40,forward,RAND,15,53,97.56886291503906,5.814000032842159
535,0.001,10000,1800,512,40,80,forward,ZERO,15,618,98.22616577148438,4.242069087922573
724,0.001,10000,1800,128,40,80,forward,RAND,15,151,98.13873291015625,4.451178014278412
743,0.001,10000,3600,1024,80,80,forward,RAND,15,537,96.97122955322266,7.243216037750244
702,0.001,10000,300,512,160,40,forward,RAND,15,119,92.96414947509766,16.826042905449867
113,0.001,10000,3600,128,80,40,forward,LSTM,15,187,98.64541625976562,3.23944422416389
182,0.001,10000,3600,32,320,80,forward,LSTM,15,490,95.72159576416016,10.231684893369675
708,0.001,10000,300,32,320,40,forward,RAND,15,442,91.30680847167969,20.78952267765999
254,0.001,10000,3600,32,80,20,forward,FF,15,613,97.88493347167969,5.058117210865021
584,0.001,10000,3600,512,40,10,forward,RAND,15,24,94.7275161743164,12.609008699655533
513,0.001,10000,300,1024,160,40,forward,ZERO,15,93,89.70743560791016,24.61438998579979
53,0.001,10000,3600,128,40,20,forward,LSTM,15,756,98.3873519897461,3.856608411297202
348,0.001,10000,300,32,80,80,forward,FF,15,425,95.29904174804688,11.242217384278774
502,0.001,10000,1800,1024,80,40,forward,ZERO,15,542,97.01844787597656,7.130310870707035
204,0.001,10000,300,32,80,10,forward,FF,15,255,95.22815704345703,11.411747895181179
496,0.001,10000,1800,128,80,40,forward,ZERO,15,16,97.36845397949219,6.2932707369327545
66,0.001,10000,300,512,80,20,forward,LSTM,15,355,95.3564224243164,11.104985140264034
740,0.001,10000,3600,512,80,80,forward,RAND,15,709,97.9363021850586,4.935275763273239
164,0.001,10000,3600,512,80,80,forward,LSTM,15,327,97.75092315673828,5.378606729209423
731,0.001,10000,3600,1024,40,80,forward,RAND,15,265,98.21053314208984,4.279471468180418
489,0.001,10000,300,1024,40,40,forward,ZERO,15,195,93.67791748046875,15.119087882339954
754,0.001,10000,1800,1024,160,80,forward,RAND,15,472,97.32997131347656,6.385292392224073
468,0.001,10000,300,32,320,20,forward,ZERO,15,693,86.54139709472656,32.18588978052139
141,0.001,10000,300,1024,320,40,forward,LSTM,15,568,91.63421630859375,20.00655047595501
360,0.001,10000,300,32,160,80,forward,FF,15,748,94.14152526855469,14.01037909090519
54,0.001,10000,300,512,40,20,forward,LSTM,15,452,92.54094696044922,17.838118597865105
402,0.001,10000,300,512,80,10,forward,ZERO,15,208,95.20242309570312,11.473273858428001
392,0.001,10000,3600,512,40,10,forward,ZERO,15,237,96.21514129638672,9.051389060914516
387,0.001,10000,300,128,40,10,forward,ZERO,15,682,93.20411682128906,16.252174973487854
6,0.001,10000,300,512,40,10,forward,LSTM,15,338,93.92176055908203,14.535932801663876
159,0.001,10000,300,128,80,80,forward,LSTM,15,193,95.40809631347656,10.981401428580284
506,0.001,10000,3600,32,160,40,forward,ZERO,15,475,98.26820373535156,4.141544923186302
399,0.001,10000,300,128,80,10,forward,ZERO,15,264,94.40021514892578,13.391735032200813
558,0.001,10000,300,512,160,80,forward,ZERO,15,61,92.57538604736328,17.755769193172455
237,0.001,10000,300,1024,320,10,forward,FF,15,155,91.2894287109375,20.831100642681122
609,0.001,10000,300,1024,160,10,forward,RAND,15,25,93.56428527832031,15.390846878290176
525,0.001,10000,300,1024,320,40,forward,ZERO,15,514,87.61225128173828,29.624953866004944
161,0.001,10000,3600,128,80,80,forward,LSTM,15,319,97.97515106201172,4.842372145503759
487,0.001,10000,1800,512,40,40,forward,ZERO,15,545,98.03192901611328,4.706578329205513
712,0.001,10000,1800,128,320,40,forward,RAND,15,335,96.23152923583984,9.012195281684399
534,0.001,10000,300,512,40,80,forward,ZERO,15,508,93.44540405273438,15.675138682126999
729,0.001,10000,300,1024,40,80,forward,RAND,15,639,91.90593719482422,19.356729462742805
653,0.001,10000,3600,128,160,20,forward,RAND,15,562,98.33273315429688,3.987221047282219
25,0.001,10000,1800,32,160,10,forward,LSTM,15,605,95.7122802734375,10.253961198031902
295,0.001,10000,1800,512,40,40,forward,FF,15,579,98.3453598022461,3.95702151581645
201,0.001,10000,300,1024,40,10,forward,FF,15,511,93.64763641357422,15.191509388387203
151,0.001,10000,1800,512,40,80,forward,LSTM,15,230,98.16822052001953,4.380658734589815
115,0.001,10000,1800,512,80,40,forward,LSTM,15,283,98.24124908447266,4.20599989593029
636,0.001,10000,300,32,80,20,forward,RAND,15,184,94.80098724365234,12.433295138180256
219,0.001,10000,300,128,160,10,forward,FF,15,504,92.84396362304688,17.113465815782547
549,0.001,10000,300,1024,80,80,forward,ZERO,15,676,91.4220199584961,20.514002069830894
381,0.001,10000,300,1024,320,80,forward,FF,15,353,91.93814086914062,19.279710948467255
425,0.001,10000,3600,128,320,10,forward,ZERO,15,592,97.92586517333984,4.960230085998774
126,0.001,10000,300,512,160,40,forward,LSTM,15,698,90.54473876953125,22.612011060118675
526,0.001,10000,1800,1024,320,40,forward,ZERO,15,509,95.62578582763672,10.460804216563702
187,0.001,10000,1800,512,320,80,forward,LSTM,15,366,94.60420227050781,12.903900817036629
454,0.001,10000,1800,1024,80,20,forward,ZERO,15,135,97.97763061523438,4.836433567106724
614,0.001,10000,3600,32,320,10,forward,RAND,15,461,97.5828857421875,5.780474748462439
223,0.001,10000,1800,512,160,10,forward,FF,15,231,95.86812591552734,9.881271049380302
127,0.001,10000,1800,512,160,40,forward,LSTM,15,386,96.05825805664062,9.426560252904892
427,0.001,10000,1800,512,320,10,forward,ZERO,15,427,96.103515625,9.318344295024872
207,0.001,10000,300,128,80,10,forward,FF,15,566,95.50493621826172,10.7498150318861
279,0.001,10000,300,128,320,20,forward,FF,15,505,93.3440170288086,15.917614102363586
520,0.001,10000,1800,128,320,40,forward,ZERO,15,557,97.82604217529297,5.198961589485407
477,0.001,10000,300,1024,320,20,forward,ZERO,15,455,90.660888671875,22.334229201078415
378,0.001,10000,300,512,320,80,forward,FF,15,532,89.94795989990234,24.039186537265778
755,0.001,10000,3600,1024,160,80,forward,RAND,15,70,97.77166748046875,5.328998435288668
412,0.001,10000,1800,128,160,10,forward,ZERO,15,722,97.7303237915039,5.427858792245388
442,0.001,10000,1800,1024,40,20,forward,ZERO,15,561,97.78947448730469,5.28640067204833
31,0.001,10000,1800,512,160,10,forward,LSTM,15,422,96.82450103759766,7.594120223075151
543,0.001,10000,300,128,80,80,forward,ZERO,15,587,95.04354095458984,11.853245086967945
146,0.001,10000,3600,32,40,80,forward,LSTM,15,52,97.64984130859375,5.620344541966915
334,0.001,10000,1800,1024,320,40,forward,FF,15,3,96.6936264038086,7.9071009531617165
548,0.001,10000,3600,512,80,80,forward,ZERO,15,254,97.96083068847656,4.876617807894945
578,0.001,10000,3600,32,40,10,forward,RAND,15,646,94.53546142578125,13.06829508394003
494,0.001,10000,3600,32,80,40,forward,ZERO,15,164,98.51094818115234,3.5610150080174208
368,0.001,10000,3600,512,160,80,forward,FF,15,752,98.89260864257812,2.6482963003218174
515,0.001,10000,3600,1024,160,40,forward,ZERO,15,83,98.20922088623047,4.282604902982712
353,0.001,10000,3600,128,80,80,forward,FF,15,731,98.64631652832031,3.237299155443907
18,0.001,10000,300,512,80,10,forward,LSTM,15,479,94.1611557006836,13.963439501821995
723,0.001,10000,300,128,40,80,forward,RAND,15,675,94.35118103027344,13.508985750377178
342,0.001,10000,300,512,40,80,forward,FF,15,428,94.7685775756836,12.51080073416233
173,0.001,10000,3600,128,160,80,forward,LSTM,15,739,98.37709045410156,3.8811485283076763
227,0.001,10000,3600,1024,160,10,forward,FF,15,188,98.25696563720703,4.1684177704155445
89,0.001,10000,3600,128,320,20,forward,LSTM,15,623,97.02660369873047,7.110790349543095
440,0.001,10000,3600,512,40,20,forward,ZERO,15,74,98.27808380126953,4.117906559258699
26,0.001,10000,3600,32,160,10,forward,LSTM,15,239,97.85253143310547,5.135626532137394
379,0.001,10000,1800,512,320,80,forward,FF,15,185,95.94401550292969,9.69977118074894
529,0.001,10000,1800,32,40,80,forward,ZERO,15,713,98.0113296508789,4.755855072289705
407,0.001,10000,3600,1024,80,10,forward,ZERO,15,38,96.88873291015625,7.440508808940649
82,0.001,10000,1800,1024,160,20,forward,LSTM,15,85,97.99784088134766,4.788120277225971
616,0.001,10000,1800,128,320,10,forward,RAND,15,139,95.92322540283203,9.749487042427063
464,0.001,10000,3600,512,160,20,forward,ZERO,15,732,98.41806030273438,3.783180844038725
93,0.001,10000,300,1024,320,20,forward,LSTM,15,50,87.68255615234375,29.45682592689991
262,0.001,10000,1800,1024,80,20,forward,FF,15,467,97.4083480834961,6.197859067469835
674,0.001,10000,3600,32,40,40,forward,RAND,15,256,98.45996856689453,3.682950045913458
299,0.001,10000,3600,1024,40,40,forward,FF,15,657,97.68656921386719,5.5325087159872055
67,0.001,10000,1800,512,80,20,forward,LSTM,15,272,97.9002685546875,5.02144917845726
744,0.001,10000,300,32,160,80,forward,RAND,15,677,90.77008819580078,22.07307517528534
302,0.001,10000,3600,32,80,40,forward,FF,15,89,98.09747314453125,4.549841862171888
512,0.001,10000,3600,512,160,40,forward,ZERO,15,570,98.01966857910156,4.735910799354315
310,0.001,10000,1800,1024,80,40,forward,FF,15,107,97.76944732666016,5.3343139588832855
644,0.001,10000,3600,512,80,20,forward,RAND,15,80,98.48509216308594,3.622861811891198
315,0.001,10000,300,128,160,40,forward,FF,15,102,94.19383239746094,13.885282911360264
152,0.001,10000,3600,512,40,80,forward,LSTM,15,527,98.38286590576172,3.8673272356390953
46,0.001,10000,1800,1024,320,10,forward,LSTM,15,271,97.72840881347656,5.432447884231806
376,0.001,10000,1800,128,320,80,forward,FF,15,309,97.45431518554688,6.087941583245993
631,0.001,10000,1800,512,40,20,forward,RAND,15,280,97.84007263183594,5.165413953363895
139,0.001,10000,1800,512,320,40,forward,LSTM,15,653,96.6144790649414,8.096371777355671
229,0.001,10000,1800,32,320,10,forward,FF,15,758,97.53062438964844,5.905433092266321
169,0.001,10000,1800,32,160,80,forward,LSTM,15,536,97.19743347167969,6.702254060655832
14,0.001,10000,3600,32,80,10,forward,LSTM,15,737,98.38502502441406,3.8621777202934027
321,0.001,10000,300,1024,160,40,forward,FF,15,478,93.67127990722656,15.134955756366253
136,0.001,10000,1800,128,320,40,forward,LSTM,15,687,97.58326721191406,5.779547151178122
582,0.001,10000,300,512,40,10,forward,RAND,15,234,92.7813491821289,17.26321130990982
438,0.001,10000,300,512,40,20,forward,ZERO,15,615,94.86884307861328,12.271015904843807
72,0.001,10000,300,32,160,20,forward,LSTM,15,253,93.43289184570312,15.705065801739693
642,0.001,10000,300,512,80,20,forward,RAND,15,182,94.47543334960938,13.211846351623535
408,0.001,10000,300,32,160,10,forward,ZERO,15,635,92.56693267822266,17.77598075568676
232,0.001,10000,1800,128,320,10,forward,FF,15,418,96.11605834960938,9.288330562412739
689,0.001,10000,3600,128,80,40,forward,RAND,15,131,97.95887756347656,4.8812865279614925
122,0.001,10000,3600,32,160,40,forward,LSTM,15,318,97.89966583251953,5.022876895964146
482,0.001,10000,3600,32,40,40,forward,ZERO,15,238,98.2520523071289,4.18017478659749
341,0.001,10000,3600,128,40,80,forward,FF,15,641,97.17020416259766,6.767374463379383
4,0.001,10000,1800,128,40,10,forward,LSTM,15,529,98.45024108886719,3.70620540343225
189,0.001,10000,300,1024,320,80,forward,LSTM,15,382,90.59503936767578,22.49169535934925
350,0.001,10000,3600,32,80,80,forward,FF,15,369,97.7547378540039,5.369493737816811
726,0.001,10000,300,512,40,80,forward,RAND,15,714,92.82923889160156,17.148684710264206
598,0.001,10000,1800,1024,80,10,forward,RAND,15,525,96.68496704101562,7.927814498543739
52,0.001,10000,1800,128,40,20,forward,LSTM,15,215,97.96075439453125,4.876809194684029
202,0.001,10000,1800,1024,40,10,forward,FF,15,35,97.70951080322266,5.477643106132746
685,0.001,10000,1800,32,80,40,forward,RAND,15,227,98.08969116210938,4.568447824567556
455,0.001,10000,3600,1024,80,20,forward,ZERO,15,630,98.23980712890625,4.20945743098855
557,0.001,10000,3600,128,160,80,forward,ZERO,15,341,98.19523620605469,4.316049162298441
352,0.001,10000,1800,128,80,80,forward,FF,15,521,97.82108306884766,5.210808012634516
125,0.001,10000,3600,128,160,40,forward,LSTM,15,694,98.87449645996094,2.69160233438015
120,0.001,10000,300,32,160,40,forward,LSTM,15,725,93.58219146728516,15.34802746027708
694,0.001,10000,1800,1024,80,40,forward,RAND,15,84,97.49105072021484,6.000082939863205
175,0.001,10000,1800,512,160,80,forward,LSTM,15,241,97.89312744140625,5.038527771830559
333,0.001,10000,300,1024,320,40,forward,FF,15,346,91.66506958007812,19.93275061249733
354,0.001,10000,300,512,80,80,forward,FF,15,497,95.16346740722656,11.56643033027649
536,0.001,10000,3600,512,40,80,forward,ZERO,15,176,98.23013305664062,4.2325821705162525
420,0.001,10000,300,32,320,10,forward,ZERO,15,493,85.86546325683594,33.802371472120285
84,0.001,10000,300,32,320,20,forward,LSTM,15,735,90.75152587890625,22.117463871836662
746,0.001,10000,3600,32,160,80,forward,RAND,15,174,98.84634399414062,2.7589478995651007
278,0.001,10000,3600,32,320,20,forward,FF,15,401,97.92476654052734,4.962869919836521
314,0.001,10000,3600,32,160,40,forward,FF,15,477,98.54545593261719,3.478499362245202
475,0.001,10000,1800,512,320,20,forward,ZERO,15,13,95.96310424804688,9.654128924012184
248,0.001,10000,3600,512,40,20,forward,FF,15,161,98.20547485351562,4.291555844247341
627,0.001,10000,300,128,40,20,forward,RAND,15,269,95.89462280273438,9.817893616855145
233,0.001,10000,3600,128,320,10,forward,FF,15,764,98.0155029296875,4.74586570635438
639,0.001,10000,300,128,80,20,forward,RAND,15,746,94.14279174804688,14.00735042989254
467,0.001,10000,3600,1024,160,20,forward,ZERO,15,220,98.11810302734375,4.500504117459059
191,0.001,10000,3600,1024,320,80,forward,LSTM,15,463,98.5821304321289,3.3908009063452482
409,0.001,10000,1800,32,160,10,forward,ZERO,15,686,96.0687255859375,9.401545859873295
445,0.001,10000,1800,32,80,20,forward,ZERO,15,4,98.09375,4.558744840323925
170,0.001,10000,3600,32,160,80,forward,LSTM,15,597,98.72239685058594,3.0553454998880625
696,0.001,10000,300,32,160,40,forward,RAND,15,565,92.03173065185547,19.055908545851707
76,0.001,10000,1800,128,160,20,forward,LSTM,15,672,97.67752075195312,5.55413868278265
5,0.001,10000,3600,128,40,10,forward,LSTM,15,103,98.47180938720703,3.654629457741976
522,0.001,10000,300,512,320,40,forward,ZERO,15,322,90.89635467529297,21.77111990749836
461,0.001,10000,3600,128,160,20,forward,ZERO,15,284,98.29102325439453,4.086969420313835
22,0.001,10000,1800,1024,80,10,forward,LSTM,15,172,97.62933349609375,5.669388920068741
62,0.001,10000,3600,32,80,20,forward,LSTM,15,626,98.66903686523438,3.1829681247472763
242,0.001,10000,3600,32,40,20,forward,FF,15,200,97.50324249267578,5.970928817987442
17,0.001,10000,3600,128,80,10,forward,LSTM,15,55,98.57769775390625,3.401407040655613
319,0.001,10000,1800,512,160,40,forward,FF,15,356,98.05298614501953,4.6562310308218
393,0.001,10000,300,1024,40,10,forward,ZERO,15,665,91.27079010009766,20.87566629052162
422,0.001,10000,3600,32,320,10,forward,ZERO,15,716,98.17539978027344,4.363474901765585
326,0.001,10000,3600,32,320,40,forward,FF,15,412,97.69694519042969,5.507688038051128
473,0.001,10000,3600,128,320,20,forward,ZERO,15,81,98.04692840576172,4.670722875744104
63,0.001,10000,300,128,80,20,forward,LSTM,15,266,95.49427032470703,10.775327682495117
604,0.001,10000,1800,128,160,10,forward,RAND,15,228,97.56527709960938,5.822581704705954
443,0.001,10000,3600,1024,40,20,forward,ZERO,15,348,98.29285430908203,4.082589875906706
177,0.001,10000,300,1024,160,80,forward,LSTM,15,302,92.74246978759766,17.35619455575943
260,0.001,10000,3600,512,80,20,forward,FF,15,533,98.57167053222656,3.415814833715558
163,0.001,10000,1800,512,80,80,forward,LSTM,15,530,97.17689514160156,6.7513869144022465
347,0.001,10000,3600,1024,40,80,forward,FF,15,330,98.02054595947266,4.733806475996971
256,0.001,10000,1800,128,80,20,forward,FF,15,711,97.98326873779297,4.822950344532728
588,0.001,10000,300,32,80,10,forward,RAND,15,349,92.15391540527344,18.76368187367916
306,0.001,10000,300,512,80,40,forward,FF,15,46,95.44329833984375,10.897240601480007
271,0.001,10000,1800,512,160,20,forward,FF,15,520,97.48680877685547,6.010227371007204
27,0.001,10000,300,128,160,10,forward,LSTM,15,744,93.60559844970703,15.292033553123474
307,0.001,10000,1800,512,80,40,forward,FF,15,171,97.7882308959961,5.289388354867697
546,0.001,10000,300,512,80,80,forward,ZERO,15,446,93.88818359375,14.616227708756924
355,0.001,10000,1800,512,80,80,forward,FF,15,516,97.15495300292969,6.803853902965784
717,0.001,10000,300,1024,320,40,forward,RAND,15,718,91.78204345703125,19.653016701340675
695,0.001,10000,3600,1024,80,40,forward,RAND,15,633,97.80868530273438,5.240466445684433
561,0.001,10000,300,1024,160,80,forward,ZERO,15,429,90.97862243652344,21.57438173890114
673,0.001,10000,1800,32,40,40,forward,RAND,15,292,97.66934967041016,5.573689937591553
142,0.001,10000,1800,1024,320,40,forward,LSTM,15,196,96.69013977050781,7.9154446721076965
737,0.001,10000,3600,128,80,80,forward,RAND,15,99,98.44566345214844,3.7171649746596813
668,0.001,10000,3600,512,320,20,forward,RAND,15,201,97.40907287597656,6.196129601448774
699,0.001,10000,300,128,160,40,forward,RAND,15,91,93.52787780761719,15.477912500500679
647,0.001,10000,3600,1024,80,20,forward,RAND,15,43,98.36708068847656,3.9050790946930647
595,0.001,10000,1800,512,80,10,forward,RAND,15,651,96.6952896118164,7.903126068413258
118,0.001,10000,1800,1024,80,40,forward,LSTM,15,249,96.65316009521484,8.003873750567436
587,0.001,10000,3600,1024,40,10,forward,RAND,15,129,95.30123138427734,11.236983351409435
458,0.001,10000,3600,32,160,20,forward,ZERO,15,22,98.20298767089844,4.297513049095869
499,0.001,10000,1800,512,80,40,forward,ZERO,15,384,96.98954772949219,7.199414074420929
253,0.001,10000,1800,32,80,20,forward,FF,15,293,97.66747283935547,5.578173324465752
2,0.001,10000,3600,32,40,10,forward,LSTM,15,113,97.22595977783203,6.634049583226442
292,0.001,10000,1800,128,40,40,forward,FF,15,173,98.01161193847656,4.755168687552214
85,0.001,10000,1800,32,320,20,forward,LSTM,15,350,96.09786224365234,9.331860579550266
133,0.001,10000,1800,32,320,40,forward,LSTM,15,409,97.41413116455078,6.184032652527094
107,0.001,10000,3600,1024,40,40,forward,LSTM,15,471,98.56266021728516,3.437353763729334
435,0.001,10000,300,128,40,20,forward,ZERO,15,457,95.5737075805664,10.585358366370201
246,0.001,10000,300,512,40,20,forward,FF,15,625,95.30950164794922,11.217201128602028
148,0.001,10000,1800,128,40,80,forward,LSTM,15,416,98.54762268066406,3.4733163192868233
344,0.001,10000,3600,512,40,80,forward,FF,15,689,97.87474060058594,5.082498304545879
542,0.001,10000,3600,32,80,80,forward,ZERO,15,654,98.51893615722656,3.5419210325926542
174,0.001,10000,300,512,160,80,forward,LSTM,15,263,94.46856689453125,13.22828233242035
211,0.001,10000,1800,512,80,10,forward,FF,15,553,97.47201538085938,6.045601796358824
555,0.001,10000,300,128,160,80,forward,ZERO,15,88,92.3834228515625,18.214846029877663
436,0.001,10000,1800,128,40,20,forward,ZERO,15,658,97.52886962890625,5.909636616706848
171,0.001,10000,300,128,160,80,forward,LSTM,15,462,93.00845336914062,16.72009937465191
121,0.001,10000,1800,32,160,40,forward,LSTM,15,362,97.5334243774414,5.898755043745041
580,0.001,10000,1800,128,40,10,forward,RAND,15,664,95.17118072509766,11.547979898750782
112,0.001,10000,1800,128,80,40,forward,LSTM,15,586,97.63240814208984,5.662033334374428
80,0.001,10000,3600,512,160,20,forward,LSTM,15,583,98.47417449951172,3.6489644553512335
527,0.001,10000,3600,1024,320,40,forward,ZERO,15,340,97.14717102050781,6.822456605732441
45,0.001,10000,300,1024,320,10,forward,LSTM,15,145,87.05554962158203,30.95630556344986
98,0.001,10000,3600,32,40,40,forward,LSTM,15,39,98.07008361816406,4.615338519215584
19,0.001,10000,1800,512,80,10,forward,LSTM,15,365,98.02009582519531,4.7348844818770885
664,0.001,10000,1800,128,320,20,forward,RAND,15,555,97.08607482910156,6.9685811176896095
96,0.001,10000,300,32,40,40,forward,LSTM,15,638,89.91593933105469,24.11574311554432
357,0.001,10000,300,1024,80,80,forward,FF,15,392,93.3387680053711,15.93015156686306
178,0.001,10000,1800,1024,160,80,forward,LSTM,15,704,96.83387756347656,7.571699097752571
108,0.001,10000,300,32,80,40,forward,LSTM,15,316,92.5365219116211,17.848709598183632
268,0.001,10000,1800,128,160,20,forward,FF,15,337,97.38507080078125,6.253522355109453
432,0.001,10000,300,32,40,20,forward,ZERO,15,767,90.42214965820312,22.905180230736732
153,0.001,10000,300,1024,40,80,forward,LSTM,15,380,86.95471954345703,31.197430565953255
456,0.001,10000,300,32,160,20,forward,ZERO,15,378,91.58558654785156,20.122844725847244
530,0.001,10000,3600,32,40,80,forward,ZERO,15,146,98.59496307373047,3.3601096365600824
1,0.001,10000,1800,32,40,10,forward,LSTM,15,122,97.53936767578125,5.884528625756502
725,0.001,10000,3600,128,40,80,forward,RAND,15,244,98.41143798828125,3.7990103010088205
465,0.001,10000,300,1024,160,20,forward,ZERO,15,281,93.31680297851562,15.982678160071373
69,0.001,10000,300,1024,80,20,forward,LSTM,15,403,91.55591583251953,20.19379660487175
635,0.001,10000,3600,1024,40,20,forward,RAND,15,444,98.1014404296875,4.540362861007452
48,0.001,10000,300,32,40,20,forward,LSTM,15,198,89.3011703491211,25.585968047380447
705,0.001,10000,300,1024,160,40,forward,RAND,15,321,92.38400268554688,18.213454633951187
656,0.001,10000,3600,512,160,20,forward,RAND,15,594,98.20410919189453,4.294822458177805
576,0.001,10000,300,32,40,10,forward,RAND,15,138,90.73247528076172,22.163033485412598
747,0.001,10000,300,128,160,80,forward,RAND,15,87,92.21099853515625,18.627190962433815
710,0.001,10000,3600,32,320,40,forward,RAND,15,617,98.02599334716797,4.72077215090394
389,0.001,10000,3600,128,40,10,forward,ZERO,15,679,95.79630279541016,10.053026489913464
231,0.001,10000,300,128,320,10,forward,FF,15,580,91.03814697265625,21.43203839659691
331,0.001,10000,1800,512,320,40,forward,FF,15,614,97.218505859375,6.651862990111113
215,0.001,10000,3600,1024,80,10,forward,FF,15,92,97.84000396728516,5.165572743862867
55,0.001,10000,1800,512,40,20,forward,LSTM,15,75,97.93726348876953,4.932975862175226
424,0.001,10000,1800,128,320,10,forward,ZERO,15,343,96.93278503417969,7.33515340834856
539,0.001,10000,3600,1024,40,80,forward,ZERO,15,376,98.9822998046875,2.4338075891137123
603,0.001,10000,300,128,160,10,forward,RAND,15,507,93.06507873535156,16.58468507230282
444,0.001,10000,300,32,80,20,forward,ZERO,15,519,94.63507843017578,12.830064631998539
446,0.001,10000,3600,32,80,20,forward,ZERO,15,616,97.57783508300781,5.792544689029455
224,0.001,10000,3600,512,160,10,forward,FF,15,211,97.96895599365234,4.857196938246489
501,0.001,10000,300,1024,80,40,forward,ZERO,15,105,91.62477111816406,20.02912200987339
218,0.001,10000,3600,32,160,10,forward,FF,15,294,98.62959289550781,3.2772866543382406
651,0.001,10000,300,128,160,20,forward,RAND,15,41,93.78759765625,14.85679391771555
753,0.001,10000,300,1024,160,80,forward,RAND,15,600,91.22115325927734,20.994365215301514
104,0.001,10000,3600,512,40,40,forward,LSTM,15,267,98.40106201171875,3.823816077783704
480,0.001,10000,300,32,40,40,forward,ZERO,15,160,93.67427825927734,15.12779388576746
632,0.001,10000,3600,512,40,20,forward,RAND,15,286,97.92639923095703,4.958950914442539
361,0.001,10000,1800,32,160,80,forward,FF,15,673,97.71002197265625,5.476424936205149
335,0.001,10000,3600,1024,320,40,forward,FF,15,134,98.42056274414062,3.777173114940524
654,0.001,10000,300,512,160,20,forward,RAND,15,209,93.75489044189453,14.935021288692951
637,0.001,10000,1800,32,80,20,forward,RAND,15,371,97.83074951171875,5.187700968235731
735,0.001,10000,300,128,80,80,forward,RAND,15,659,92.177734375,18.706724047660828
709,0.001,10000,1800,32,320,40,forward,RAND,15,42,97.61370086669922,5.706761498004198
676,0.001,10000,1800,128,40,40,forward,RAND,15,197,97.7663803100586,5.341640207916498
388,0.001,10000,1800,128,40,10,forward,ZERO,15,100,95.87155151367188,9.873079136013985
423,0.001,10000,300,128,320,10,forward,ZERO,15,601,92.05610656738281,18.99760216474533
400,0.001,10000,1800,128,80,10,forward,ZERO,15,712,96.41498565673828,8.573458530008793
37,0.001,10000,1800,32,320,10,forward,LSTM,15,500,95.97563934326172,9.624156169593334
308,0.001,10000,3600,512,80,40,forward,FF,15,730,98.20565795898438,4.291127435863018
638,0.001,10000,3600,32,80,20,forward,RAND,15,670,98.08294677734375,4.5845843851566315
317,0.001,10000,3600,128,160,40,forward,FF,15,213,98.1502685546875,4.423595033586025
652,0.001,10000,1800,128,160,20,forward,RAND,15,411,97.88429260253906,5.059665068984032
276,0.001,10000,300,32,320,20,forward,FF,15,90,91.50315856933594,20.31996287405491
714,0.001,10000,300,512,320,40,forward,RAND,15,488,89.65009307861328,24.75152537226677
184,0.001,10000,1800,128,320,80,forward,LSTM,15,750,97.39932250976562,6.219443865120411
329,0.001,10000,3600,128,320,40,forward,FF,15,26,98.17124938964844,4.3733986094594
23,0.001,10000,3600,1024,80,10,forward,LSTM,15,352,98.61079406738281,3.322253003716469
275,0.001,10000,3600,1024,160,20,forward,FF,15,701,98.09648132324219,4.552202764898539
364,0.001,10000,1800,128,160,80,forward,FF,15,298,98.00157928466797,4.779167473316193
369,0.001,10000,300,1024,160,80,forward,FF,15,339,91.44302368164062,20.46377584338188
130,0.001,10000,1800,1024,160,40,forward,LSTM,15,71,97.48114013671875,6.023791618645191
42,0.001,10000,300,512,320,10,forward,LSTM,15,563,87.72977447509766,29.34390865266323
181,0.001,10000,1800,32,320,80,forward,LSTM,15,691,95.779296875,10.093694552779198
713,0.001,10000,3600,128,320,40,forward,RAND,15,273,98.33255767822266,3.987634554505348
274,0.001,10000,1800,1024,160,20,forward,FF,15,402,96.14468383789062,9.219887666404247
564,0.001,10000,300,32,320,80,forward,ZERO,15,297,88.65019989013672,27.142753824591637
137,0.001,10000,3600,128,320,40,forward,LSTM,15,48,98.46562957763672,3.6694114096462727
372,0.001,10000,300,32,320,80,forward,FF,15,501,90.45059967041016,22.837141528725624
309,0.001,10000,300,1024,80,40,forward,FF,15,432,93.1983413696289,16.265979036688805
655,0.001,10000,1800,512,160,20,forward,RAND,15,148,97.9289779663086,4.952799994498491
429,0.001,10000,300,1024,320,10,forward,ZERO,15,158,90.84000396728516,21.905886009335518
47,0.001,10000,3600,1024,320,10,forward,LSTM,15,419,97.73106384277344,5.426100920885801
568,0.001,10000,1800,128,320,80,forward,ZERO,15,541,94.52093505859375,13.103039935231209
678,0.001,10000,300,512,40,40,forward,RAND,15,738,95.12104797363281,11.667880229651928
220,0.001,10000,1800,128,160,10,forward,FF,15,400,97.5455322265625,5.869789514690638
497,0.001,10000,3600,128,80,40,forward,ZERO,15,63,98.11681365966797,4.50358958914876
414,0.001,10000,300,512,160,10,forward,ZERO,15,650,93.90678405761719,14.57175426185131
733,0.001,10000,1800,32,80,80,forward,RAND,15,423,98.2054443359375,4.2916289530694485
650,0.001,10000,3600,32,160,20,forward,RAND,15,58,98.06781768798828,4.620760213583708
621,0.001,10000,300,1024,320,10,forward,RAND,15,450,92.1267318725586,18.828704953193665
339,0.001,10000,300,128,40,80,forward,FF,15,492,95.63919067382812,10.428765788674355
585,0.001,10000,300,1024,40,10,forward,RAND,15,381,93.20045471191406,16.260920092463493
140,0.001,10000,3600,512,320,40,forward,LSTM,15,331,94.92289733886719,12.141765095293522
657,0.001,10000,300,1024,160,20,forward,RAND,15,123,92.49945068359375,17.937352880835533
77,0.001,10000,3600,128,160,20,forward,LSTM,15,499,97.13197326660156,6.858810782432556
39,0.001,10000,300,128,320,10,forward,LSTM,15,40,87.52019500732422,29.845116659998894
459,0.001,10000,300,128,160,20,forward,ZERO,15,692,93.35698699951172,15.886593610048294
700,0.001,10000,1800,128,160,40,forward,RAND,15,82,97.77046203613281,5.331874825060368
706,0.001,10000,1800,1024,160,40,forward,RAND,15,257,96.3361587524414,8.761969394981861
322,0.001,10000,1800,1024,160,40,forward,FF,15,466,96.2197265625,9.04042087495327
258,0.001,10000,300,512,80,20,forward,FF,15,447,94.78191375732422,12.478924356400967
471,0.001,10000,300,128,320,20,forward,ZERO,15,372,89.88746643066406,24.183837696909904
554,0.001,10000,3600,32,160,80,forward,ZERO,15,33,98.53609466552734,3.5008806735277176
720,0.001,10000,300,32,40,80,forward,RAND,15,183,92.20194244384766,18.648849800229073
460,0.001,10000,1800,128,160,20,forward,ZERO,15,276,97.62073516845703,5.689940415322781
682,0.001,10000,1800,1024,40,40,forward,RAND,15,305,97.58937072753906,5.76494075357914
739,0.001,10000,1800,512,80,80,forward,RAND,15,431,98.29581451416016,4.075514152646065
280,0.001,10000,1800,128,320,20,forward,FF,15,218,95.41888427734375,10.955619625747204
58,0.001,10000,1800,1024,40,20,forward,LSTM,15,451,96.70923614501953,7.869761437177658
241,0.001,10000,1800,32,40,20,forward,FF,15,535,98.03399658203125,4.701649770140648
362,0.001,10000,3600,32,160,80,forward,FF,15,20,97.88835144042969,5.049947649240494
330,0.001,10000,300,512,320,40,forward,FF,15,360,86.44223022460938,32.42303803563118
234,0.001,10000,300,512,320,10,forward,FF,15,363,91.50845336914062,20.30729688704014
698,0.001,10000,3600,32,160,40,forward,RAND,15,398,97.97834014892578,4.834736697375774
277,0.001,10000,1800,32,320,20,forward,FF,15,678,95.89581298828125,9.815052151679993
56,0.001,10000,3600,512,40,20,forward,LSTM,15,1,98.36528778076172,3.9093722589313984
752,0.001,10000,3600,512,160,80,forward,RAND,15,396,98.51385498046875,3.554076189175248
479,0.001,10000,3600,1024,320,20,forward,ZERO,15,734,98.20511627197266,4.292425699532032
551,0.001,10000,3600,1024,80,80,forward,ZERO,15,721,97.15225982666016,6.8102870136499405
565,0.001,10000,1800,32,320,80,forward,ZERO,15,73,94.84434509277344,12.329613789916039
734,0.001,10000,3600,32,80,80,forward,RAND,15,147,97.646240234375,5.628960207104683
697,0.001,10000,1800,32,160,40,forward,RAND,15,611,98.03111267089844,4.708535503596067
757,0.001,10000,1800,32,320,80,forward,RAND,15,754,95.43963623046875,10.905979201197624
337,0.001,10000,1800,32,40,80,forward,FF,15,434,97.4060287475586,6.203405559062958
758,0.001,10000,3600,32,320,80,forward,RAND,15,277,97.20610046386719,6.681543309241533
29,0.001,10000,3600,128,160,10,forward,LSTM,15,496,98.224853515625,4.245208110660315
270,0.001,10000,300,512,160,20,forward,FF,15,522,93.65634155273438,15.170687809586525
35,0.001,10000,3600,1024,160,10,forward,LSTM,15,404,98.22364807128906,4.248096141964197
147,0.001,10000,300,128,40,80,forward,LSTM,15,310,95.42822265625,10.933282785117626
114,0.001,10000,300,512,80,40,forward,LSTM,15,415,92.5822525024414,17.739327624440193
286,0.001,10000,1800,1024,320,20,forward,FF,15,494,97.63426208496094,5.657595582306385
630,0.001,10000,300,512,40,20,forward,RAND,15,515,94.79060363769531,12.45813351124525
591,0.001,10000,300,128,80,10,forward,RAND,15,207,94.04756164550781,14.235084876418114
567,0.001,10000,300,128,320,80,forward,ZERO,15,547,89.24322509765625,25.724533945322037
124,0.001,10000,1800,128,160,40,forward,LSTM,15,413,97.17827606201172,6.748086307197809
198,0.001,10000,300,512,40,10,forward,FF,15,268,95.27518463134766,11.299260891973972
12,0.001,10000,300,32,80,10,forward,LSTM,15,278,91.054931640625,21.39187790453434
176,0.001,10000,3600,512,160,80,forward,LSTM,15,344,98.31326293945312,4.033784847706556
688,0.001,10000,1800,128,80,40,forward,RAND,15,180,97.57915496826172,5.789384245872498
50,0.001,10000,3600,32,40,20,forward,LSTM,15,578,98.49971771240234,3.587881103157997
634,0.001,10000,1800,1024,40,20,forward,RAND,15,726,97.78244018554688,5.303232464939356
390,0.001,10000,300,512,40,10,forward,ZERO,15,631,94.56676483154297,12.993430718779564
538,0.001,10000,1800,1024,40,80,forward,ZERO,15,347,96.08468627929688,9.363377466797829
128,0.001,10000,3600,512,160,40,forward,LSTM,15,456,98.41436767578125,3.7919958122074604
291,0.001,10000,300,128,40,40,forward,FF,15,233,95.68025207519531,10.330548509955406
481,0.001,10000,1800,32,40,40,forward,ZERO,15,747,98.28487396240234,4.101678263396025
222,0.001,10000,300,512,160,10,forward,FF,15,755,91.70299530029297,19.842064008116722
394,0.001,10000,1800,1024,40,10,forward,ZERO,15,56,95.55643463134766,10.626673698425293
532,0.001,10000,1800,128,40,80,forward,ZERO,15,29,97.86359405517578,5.109145306050777
36,0.001,10000,300,32,320,10,forward,LSTM,15,648,90.65862274169922,22.339653223752975
105,0.001,10000,300,1024,40,40,forward,LSTM,15,443,93.07684326171875,16.556546092033386
434,0.001,10000,3600,32,40,20,forward,ZERO,15,361,98.126708984375,4.4799260795116425
375,0.001,10000,300,128,320,80,forward,FF,15,702,86.45651245117188,32.388873398303986
581,0.001,10000,3600,128,40,10,forward,RAND,15,703,94.80937194824219,12.413241900503635
722,0.001,10000,3600,32,40,80,forward,RAND,15,510,97.7238540649414,5.443345755338669
572,0.001,10000,3600,512,320,80,forward,ZERO,15,217,96.10822296142578,9.307079017162323
61,0.001,10000,1800,32,80,20,forward,LSTM,15,364,97.76673126220703,5.340798292309046
577,0.001,10000,1800,32,40,10,forward,RAND,15,212,94.45772552490234,13.254192657768726
547,0.001,10000,1800,512,80,80,forward,ZERO,15,644,98.01885986328125,4.737846553325653
92,0.001,10000,3600,512,320,20,forward,LSTM,15,313,97.09343719482422,6.950967945158482
109,0.001,10000,1800,32,80,40,forward,LSTM,15,2,97.90099334716797,5.019713193178177
404,0.001,10000,3600,512,80,10,forward,ZERO,15,506,97.0301284790039,7.10237817838788
762,0.001,10000,300,512,320,80,forward,RAND,15,707,90.36823272705078,23.034116253256798
40,0.001,10000,1800,128,320,10,forward,LSTM,15,181,95.77412414550781,10.106055065989494
221,0.001,10000,3600,128,160,10,forward,FF,15,367,98.5709228515625,3.417602740228176
75,0.001,10000,300,128,160,20,forward,LSTM,15,351,,
517,0.001,10000,1800,32,320,40,forward,ZERO,15,656,,
212,0.001,10000,3600,512,80,10,forward,FF,15,299,,
288,0.001,10000,300,32,40,40,forward,FF,15,194,,
607,0.001,10000,1800,512,160,10,forward,RAND,15,117,,
738,0.001,10000,300,512,80,80,forward,RAND,15,448,,
247,0.001,10000,1800,512,40,20,forward,FF,15,12,,
692,0.001,10000,3600,512,80,40,forward,RAND,15,324,,
756,0.001,10000,300,32,320,80,forward,RAND,15,599,,
619,0.001,10000,1800,512,320,10,forward,RAND,15,688,,
684,0.001,10000,300,32,80,40,forward,RAND,15,373,,
617,0.001,10000,3600,128,320,10,forward,RAND,15,260,,
186,0.001,10000,300,512,320,80,forward,LSTM,15,78,,
156,0.001,10000,300,32,80,80,forward,LSTM,15,247,,
721,0.001,10000,1800,32,40,80,forward,RAND,15,459,,
312,0.001,10000,300,32,160,40,forward,FF,15,621,,
8,0.001,10000,3600,512,40,10,forward,LSTM,15,395,,
511,0.001,10000,1800,512,160,40,forward,ZERO,15,405,,
86,0.001,10000,3600,32,320,20,forward,LSTM,15,242,,
519,0.001,10000,300,128,320,40,forward,ZERO,15,766,,
600,0.001,10000,300,32,160,10,forward,RAND,15,469,,
524,0.001,10000,3600,512,320,40,forward,ZERO,15,69,,
428,0.001,10000,3600,512,320,10,forward,ZERO,15,474,,
293,0.001,10000,3600,128,40,40,forward,FF,15,178,,
516,0.001,10000,300,32,320,40,forward,ZERO,15,647,,
661,0.001,10000,1800,32,320,20,forward,RAND,15,130,,
658,0.001,10000,1800,1024,160,20,forward,RAND,15,574,,
625,0.001,10000,1800,32,40,20,forward,RAND,15,328,,
32,0.001,10000,3600,512,160,10,forward,LSTM,15,640,,
491,0.001,10000,3600,1024,40,40,forward,ZERO,15,116,,
715,0.001,10000,1800,512,320,40,forward,RAND,15,550,,
346,0.001,10000,1800,1024,40,80,forward,FF,15,628,,
679,0.001,10000,1800,512,40,40,forward,RAND,15,759,,
615,0.001,10000,300,128,320,10,forward,RAND,15,598,,
195,0.001,10000,300,128,40,10,forward,FF,15,375,,
462,0.001,10000,300,512,160,20,forward,ZERO,15,270,,
452,0.001,10000,3600,512,80,20,forward,ZERO,15,141,,
563,0.001,10000,3600,1024,160,80,forward,ZERO,15,394,,
620,0.001,10000,3600,512,320,10,forward,RAND,15,248,,
646,0.001,10000,1800,1024,80,20,forward,RAND,15,11,,
553,0.001,10000,1800,32,160,80,forward,ZERO,15,232,,
498,0.001,10000,300,512,80,40,forward,ZERO,15,470,,
143,0.001,10000,3600,1024,320,40,forward,LSTM,15,76,,
672,0.001,10000,300,32,40,40,forward,RAND,15,387,,
667,0.001,10000,1800,512,320,20,forward,RAND,15,383,,
622,0.001,10000,1800,1024,320,10,forward,RAND,15,410,,
243,0.001,10000,300,128,40,20,forward,FF,15,66,,
485,0.001,10000,3600,128,40,40,forward,ZERO,15,538,,
401,0.001,10000,3600,128,80,10,forward,ZERO,15,458,,
569,0.001,10000,3600,128,320,80,forward,ZERO,15,655,,
73,0.001,10000,1800,32,160,20,forward,LSTM,15,622,,
618,0.001,10000,300,512,320,10,forward,RAND,15,323,,
179,0.001,10000,3600,1024,160,80,forward,LSTM,15,240,,
766,0.001,10000,1800,1024,320,80,forward,RAND,15,559,,
701,0.001,10000,3600,128,160,40,forward,RAND,15,430,,
450,0.001,10000,300,512,80,20,forward,ZERO,15,674,,
203,0.001,10000,3600,1024,40,10,forward,FF,15,473,,
736,0.001,10000,1800,128,80,80,forward,RAND,15,177,,
704,0.001,10000,3600,512,160,40,forward,RAND,15,57,,
102,0.001,10000,300,512,40,40,forward,LSTM,15,10,,
285,0.001,10000,300,1024,320,20,forward,FF,15,190,,
94,0.001,10000,1800,1024,320,20,forward,LSTM,15,548,,
666,0.001,10000,300,512,320,20,forward,RAND,15,512,,
259,0.001,10000,1800,512,80,20,forward,FF,15,229,,
732,0.001,10000,300,32,80,80,forward,RAND,15,288,,
544,0.001,10000,1800,128,80,80,forward,ZERO,15,189,,
138,0.001,10000,300,512,320,40,forward,LSTM,15,261,,
690,0.001,10000,300,512,80,40,forward,RAND,15,729,,
304,0.001,10000,1800,128,80,40,forward,FF,15,179,,
251,0.001,10000,3600,1024,40,20,forward,FF,15,666,,
411,0.001,10000,300,128,160,10,forward,ZERO,15,300,,
556,0.001,10000,1800,128,160,80,forward,ZERO,15,44,,
249,0.001,10000,300,1024,40,20,forward,FF,15,710,,
665,0.001,10000,3600,128,320,20,forward,RAND,15,370,,
99,0.001,10000,300,128,40,40,forward,LSTM,15,406,,
518,0.001,10000,3600,32,320,40,forward,ZERO,15,414,,
383,0.001,10000,3600,1024,320,80,forward,FF,15,153,,
426,0.001,10000,300,512,320,10,forward,ZERO,15,311,,
160,0.001,10000,1800,128,80,80,forward,LSTM,15,306,,
761,0.001,10000,3600,128,320,80,forward,RAND,15,359,,
728,0.001,10000,3600,512,40,80,forward,RAND,15,544,,
149,0.001,10000,3600,128,40,80,forward,LSTM,15,476,,
602,0.001,10000,3600,32,160,10,forward,RAND,15,121,,
168,0.001,10000,300,32,160,80,forward,LSTM,15,524,,
162,0.001,10000,300,512,80,80,forward,LSTM,15,97,,
74,0.001,10000,3600,32,160,20,forward,LSTM,15,235,,
540,0.001,10000,300,32,80,80,forward,ZERO,15,681,,
150,0.001,10000,300,512,40,80,forward,LSTM,15,482,,
579,0.001,10000,300,128,40,10,forward,RAND,15,643,,
670,0.001,10000,1800,1024,320,20,forward,RAND,15,554,,
707,0.001,10000,3600,1024,160,40,forward,RAND,15,727,,
166,0.001,10000,1800,1024,80,80,forward,LSTM,15,518,,
20,0.001,10000,3600,512,80,10,forward,LSTM,15,417,,
273,0.001,10000,300,1024,160,20,forward,FF,15,453,,
431,0.001,10000,3600,1024,320,10,forward,ZERO,15,715,,
194,0.001,10000,3600,32,40,10,forward,FF,15,564,,
240,0.001,10000,300,32,40,20,forward,FF,15,358,,
474,0.001,10000,300,512,320,20,forward,ZERO,15,751,,
41,0.001,10000,3600,128,320,10,forward,LSTM,15,354,,
208,0.001,10000,1800,128,80,10,forward,FF,15,312,,
57,0.001,10000,300,1024,40,20,forward,LSTM,15,303,,
343,0.001,10000,1800,512,40,80,forward,FF,15,604,,
433,0.001,10000,1800,32,40,20,forward,ZERO,15,517,,
49,0.001,10000,1800,32,40,20,forward,LSTM,15,683,,
193,0.001,10000,1800,32,40,10,forward,FF,15,127,,
28,0.001,10000,1800,128,160,10,forward,LSTM,15,79,,
633,0.001,10000,300,1024,40,20,forward,RAND,15,589,,
210,0.001,10000,300,512,80,10,forward,FF,15,109,,
663,0.001,10000,300,128,320,20,forward,RAND,15,667,,
95,0.001,10000,3600,1024,320,20,forward,LSTM,15,572,,
597,0.001,10000,300,1024,80,10,forward,RAND,15,612,,
649,0.001,10000,1800,32,160,20,forward,RAND,15,36,,
44,0.001,10000,3600,512,320,10,forward,LSTM,15,8,,
91,0.001,10000,1800,512,320,20,forward,LSTM,15,251,,
245,0.001,10000,3600,128,40,20,forward,FF,15,540,,
235,0.001,10000,1800,512,320,10,forward,FF,15,757,,
300,0.001,10000,300,32,80,40,forward,FF,15,333,,
575,0.001,10000,3600,1024,320,80,forward,ZERO,15,421,,
269,0.001,10000,3600,128,160,20,forward,FF,15,6,,
574,0.001,10000,1800,1024,320,80,forward,ZERO,15,634,,
313,0.001,10000,1800,32,160,40,forward,FF,15,223,,
680,0.001,10000,3600,512,40,40,forward,RAND,15,169,,
283,0.001,10000,1800,512,320,20,forward,FF,15,205,,
327,0.001,10000,300,128,320,40,forward,FF,15,620,,
406,0.001,10000,1800,1024,80,10,forward,ZERO,15,167,,
338,0.001,10000,3600,32,40,80,forward,FF,15,186,,
466,0.001,10000,1800,1024,160,20,forward,ZERO,15,420,,
363,0.001,10000,300,128,160,80,forward,FF,15,65,,
640,0.001,10000,1800,128,80,20,forward,RAND,15,275,,
320,0.001,10000,3600,512,160,40,forward,FF,15,246,,
336,0.001,10000,300,32,40,80,forward,FF,15,325,,
21,0.001,10000,300,1024,80,10,forward,LSTM,15,577,,
70,0.001,10000,1800,1024,80,20,forward,LSTM,15,624,,
500,0.001,10000,3600,512,80,40,forward,ZERO,15,708,,
10,0.001,10000,1800,1024,40,10,forward,LSTM,15,31,,
396,0.001,10000,300,32,80,10,forward,ZERO,15,502,,
505,0.001,10000,1800,32,160,40,forward,ZERO,15,329,,
767,0.001,10000,3600,1024,320,80,forward,RAND,15,684,,
745,0.001,10000,1800,32,160,80,forward,RAND,15,753,,
287,0.001,10000,3600,1024,320,20,forward,FF,15,483,,
64,0.001,10000,1800,128,80,20,forward,LSTM,15,317,,
415,0.001,10000,1800,512,160,10,forward,ZERO,15,163,,
324,0.001,10000,300,32,320,40,forward,FF,15,454,,
416,0.001,10000,3600,512,160,10,forward,ZERO,15,124,,
562,0.001,10000,1800,1024,160,80,forward,ZERO,15,573,,
205,0.001,10000,1800,32,80,10,forward,FF,15,534,,
328,0.001,10000,1800,128,320,40,forward,FF,15,224,,
486,0.001,10000,300,512,40,40,forward,ZERO,15,440,,
172,0.001,10000,1800,128,160,80,forward,LSTM,15,17,,
33,0.001,10000,300,1024,160,10,forward,LSTM,15,374,,
545,0.001,10000,3600,128,80,80,forward,ZERO,15,136,,
528,0.001,10000,300,32,40,80,forward,ZERO,15,221,,
257,0.001,10000,3600,128,80,20,forward,FF,15,745,,
418,0.001,10000,1800,1024,160,10,forward,ZERO,15,336,,
593,0.001,10000,3600,128,80,10,forward,RAND,15,552,,
281,0.001,10000,3600,128,320,20,forward,FF,15,696,,
628,0.001,10000,1800,128,40,20,forward,RAND,15,226,,
570,0.001,10000,300,512,320,80,forward,ZERO,15,690,,
213,0.001,10000,300,1024,80,10,forward,FF,15,101,,
472,0.001,10000,1800,128,320,20,forward,ZERO,15,120,,
106,0.001,10000,1800,1024,40,40,forward,LSTM,15,736,,
131,0.001,10000,3600,1024,160,40,forward,LSTM,15,49,,
15,0.001,10000,300,128,80,10,forward,LSTM,15,202,,
439,0.001,10000,1800,512,40,20,forward,ZERO,15,308,,
373,0.001,10000,1800,32,320,80,forward,FF,15,7,,
476,0.001,10000,3600,512,320,20,forward,ZERO,15,481,,
590,0.001,10000,3600,32,80,10,forward,RAND,15,166,,
448,0.001,10000,1800,128,80,20,forward,ZERO,15,596,,
284,0.001,10000,3600,512,320,20,forward,FF,15,389,,
129,0.001,10000,300,1024,160,40,forward,LSTM,15,728,,
103,0.001,10000,1800,512,40,40,forward,LSTM,15,68,,
60,0.001,10000,300,32,80,20,forward,LSTM,15,662,,
659,0.001,10000,3600,1024,160,20,forward,RAND,15,98,,
78,0.001,10000,300,512,160,20,forward,LSTM,15,720,,
391,0.001,10000,1800,512,40,10,forward,ZERO,15,724,,
165,0.001,10000,300,1024,80,80,forward,LSTM,15,619,,
3,0.001,10000,300,128,40,10,forward,LSTM,15,14,,
236,0.001,10000,3600,512,320,10,forward,FF,15,636,,
349,0.001,10000,1800,32,80,80,forward,FF,15,332,,
185,0.001,10000,3600,128,320,80,forward,LSTM,15,62,,
470,0.001,10000,3600,32,320,20,forward,ZERO,15,439,,
371,0.001,10000,3600,1024,160,80,forward,FF,15,137,,
117,0.001,10000,300,1024,80,40,forward,LSTM,15,258,,
711,0.001,10000,300,128,320,40,forward,RAND,15,388,,
252,0.001,10000,300,32,80,20,forward,FF,15,252,,
507,0.001,10000,300,128,160,40,forward,ZERO,15,480,,
311,0.001,10000,3600,1024,80,40,forward,FF,15,133,,
703,0.001,10000,1800,512,160,40,forward,RAND,15,291,,
395,0.001,10000,3600,1024,40,10,forward,ZERO,15,60,,
358,0.001,10000,1800,1024,80,80,forward,FF,15,576,,
263,0.001,10000,3600,1024,80,20,forward,FF,15,700,,
359,0.001,10000,3600,1024,80,80,forward,FF,15,112,,
765,0.001,10000,300,1024,320,80,forward,RAND,15,629,,
419,0.001,10000,3600,1024,160,10,forward,ZERO,15,59,,
377,0.001,10000,3600,128,320,80,forward,FF,15,637,,
763,0.001,10000,1800,512,320,80,forward,RAND,15,763,,
430,0.001,10000,1800,1024,320,10,forward,ZERO,15,51,,
16,0.001,10000,1800,128,80,10,forward,LSTM,15,175,,
51,0.001,10000,300,128,40,20,forward,LSTM,15,142,,
550,0.001,10000,1800,1024,80,80,forward,ZERO,15,290,,
493,0.001,10000,1800,32,80,40,forward,ZERO,15,765,,
601,0.001,10000,1800,32,160,10,forward,RAND,15,326,,
301,0.001,10000,1800,32,80,40,forward,FF,15,749,,
351,0.001,10000,300,128,80,80,forward,FF,15,695,,
611,0.001,10000,3600,1024,160,10,forward,RAND,15,149,,
537,0.001,10000,300,1024,40,80,forward,ZERO,15,168,,
11,0.001,10000,3600,1024,40,10,forward,LSTM,15,546,,
403,0.001,10000,1800,512,80,10,forward,ZERO,15,391,,
686,0.001,10000,3600,32,80,40,forward,RAND,15,660,,
97,0.001,10000,1800,32,40,40,forward,LSTM,15,608,,
226,0.001,10000,1800,1024,160,10,forward,FF,15,165,,
111,0.001,10000,300,128,80,40,forward,LSTM,15,214,,
196,0.001,10000,1800,128,40,10,forward,FF,15,663,,
759,0.001,10000,300,128,320,80,forward,RAND,15,723,,
183,0.001,10000,300,128,320,80,forward,LSTM,15,45,,
469,0.001,10000,1800,32,320,20,forward,ZERO,15,320,,
244,0.001,10000,1800,128,40,20,forward,FF,15,567,,
613,0.001,10000,1800,32,320,10,forward,RAND,15,528,,
749,0.001,10000,3600,128,160,80,forward,RAND,15,486,,
441,0.001,10000,300,1024,40,20,forward,ZERO,15,282,,
533,0.001,10000,3600,128,40,80,forward,ZERO,15,114,,
610,0.001,10000,1800,1024,160,10,forward,RAND,15,110,,
154,0.001,10000,1800,1024,40,80,forward,LSTM,15,603,,
81,0.001,10000,300,1024,160,20,forward,LSTM,15,150,,
484,0.001,10000,1800,128,40,40,forward,ZERO,15,513,,
397,0.001,10000,1800,32,80,10,forward,ZERO,15,262,,
267,0.001,10000,300,128,160,20,forward,FF,15,245,,
589,0.001,10000,1800,32,80,10,forward,RAND,15,111,,
386,0.001,10000,3600,32,40,10,forward,ZERO,15,424,,
687,0.001,10000,300,128,80,40,forward,RAND,15,143,,
24,0.001,10000,300,32,160,10,forward,LSTM,15,27,,
132,0.001,10000,300,32,320,40,forward,LSTM,15,210,,
265,0.001,10000,1800,32,160,20,forward,FF,15,680,,
370,0.001,10000,1800,1024,160,80,forward,FF,15,642,,
340,0.001,10000,1800,128,40,80,forward,FF,15,295,,
88,0.001,10000,1800,128,320,20,forward,LSTM,15,236,,
38,0.001,10000,3600,32,320,10,forward,LSTM,15,575,,
645,0.001,10000,300,1024,80,20,forward,RAND,15,307,,
571,0.001,10000,1800,512,320,80,forward,ZERO,15,645,,
629,0.001,10000,3600,128,40,20,forward,RAND,15,94,,
449,0.001,10000,3600,128,80,20,forward,ZERO,15,487,,
612,0.001,10000,300,32,320,10,forward,RAND,15,152,,
294,0.001,10000,300,512,40,40,forward,FF,15,741,,
261,0.001,10000,300,1024,80,20,forward,FF,15,585,,
266,0.001,10000,3600,32,160,20,forward,FF,15,15,,
718,0.001,10000,1800,1024,320,40,forward,RAND,15,128,,
514,0.001,10000,1800,1024,160,40,forward,ZERO,15,433,,
510,0.001,10000,300,512,160,40,forward,ZERO,15,668,,
405,0.001,10000,300,1024,80,10,forward,ZERO,15,449,,
599,0.001,10000,3600,1024,80,10,forward,RAND,15,287,,
356,0.001,10000,3600,512,80,80,forward,FF,15,485,,
608,0.001,10000,3600,512,160,10,forward,RAND,15,464,,
239,0.001,10000,3600,1024,320,10,forward,FF,15,761,,
199,0.001,10000,1800,512,40,10,forward,FF,15,21,,
750,0.001,10000,300,512,160,80,forward,RAND,15,705,,
282,0.001,10000,300,512,320,20,forward,FF,15,652,,
119,0.001,10000,3600,1024,80,40,forward,LSTM,15,740,,
730,0.001,10000,1800,1024,40,80,forward,RAND,15,697,,
365,0.001,10000,3600,128,160,80,forward,FF,15,126,,
374,0.001,10000,3600,32,320,80,forward,FF,15,342,,
453,0.001,10000,300,1024,80,20,forward,ZERO,15,558,,
110,0.001,10000,3600,32,80,40,forward,LSTM,15,760,,
43,0.001,10000,1800,512,320,10,forward,LSTM,15,399,,
297,0.001,10000,300,1024,40,40,forward,FF,15,441,,
760,0.001,10000,1800,128,320,80,forward,RAND,15,9,,
463,0.001,10000,1800,512,160,20,forward,ZERO,15,426,,
503,0.001,10000,3600,1024,80,40,forward,ZERO,15,491,,
683,0.001,10000,3600,1024,40,40,forward,RAND,15,560,,
134,0.001,10000,3600,32,320,40,forward,LSTM,15,503,,
345,0.001,10000,300,1024,40,80,forward,FF,15,225,,
410,0.001,10000,3600,32,160,10,forward,ZERO,15,627,,
447,0.001,10000,300,128,80,20,forward,ZERO,15,437,,
367,0.001,10000,1800,512,160,80,forward,FF,15,569,,
87,0.001,10000,300,128,320,20,forward,LSTM,15,18,,
384,0.001,10000,300,32,40,10,forward,ZERO,15,54,,
200,0.001,10000,3600,512,40,10,forward,FF,15,609,,
65,0.001,10000,3600,128,80,20,forward,LSTM,15,408,,
508,0.001,10000,1800,128,160,40,forward,ZERO,15,498,,
669,0.001,10000,300,1024,320,20,forward,RAND,15,368,,
167,0.001,10000,3600,1024,80,80,forward,LSTM,15,632,,
272,0.001,10000,3600,512,160,20,forward,FF,15,104,,
216,0.001,10000,300,32,160,10,forward,FF,15,243,,
382,0.001,10000,1800,1024,320,80,forward,FF,15,460,,
677,0.001,10000,3600,128,40,40,forward,RAND,15,95,,
238,0.001,10000,1800,1024,320,10,forward,FF,15,390,,
606,0.001,10000,300,512,160,10,forward,RAND,15,445,,
225,0.001,10000,300,1024,160,10,forward,FF,15,436,,
541,0.001,10000,1800,32,80,80,forward,ZERO,15,669,,
478,0.001,10000,1800,1024,320,20,forward,ZERO,15,742,,
490,0.001,10000,1800,1024,40,40,forward,ZERO,15,191,,
59,0.001,10000,3600,1024,40,20,forward,LSTM,15,706,,
296,0.001,10000,3600,512,40,40,forward,FF,15,206,,
691,0.001,10000,1800,512,80,40,forward,RAND,15,47,,
209,0.001,10000,3600,128,80,10,forward,FF,15,465,,
188,0.001,10000,3600,512,320,80,forward,LSTM,15,301,,
552,0.001,10000,300,32,160,80,forward,ZERO,15,649,,
681,0.001,10000,300,1024,40,40,forward,RAND,15,581,,
605,0.001,10000,3600,128,160,10,forward,RAND,15,595,,
250,0.001,10000,1800,1024,40,20,forward,FF,15,531,,
316,0.001,10000,1800,128,160,40,forward,FF,15,108,,
214,0.001,10000,1800,1024,80,10,forward,FF,15,315,,
451,0.001,10000,1800,512,80,20,forward,ZERO,15,5,,
123,0.001,10000,300,128,160,40,forward,LSTM,15,582,,
586,0.001,10000,1800,1024,40,10,forward,RAND,15,216,,
660,0.001,10000,300,32,320,20,forward,RAND,15,377,,
531,0.001,10000,300,128,40,80,forward,ZERO,15,289,,
255,0.001,10000,300,128,80,20,forward,FF,15,159,,
30,0.001,10000,300,512,160,10,forward,LSTM,15,285,,
662,0.001,10000,3600,32,320,20,forward,RAND,15,23,,
504,0.001,10000,300,32,160,40,forward,ZERO,15,719,,
230,0.001,10000,3600,32,320,10,forward,FF,15,34,,
157,0.001,10000,1800,32,80,80,forward,LSTM,15,157,,
385,0.001,10000,1800,32,40,10,forward,ZERO,15,30,,
100,0.001,10000,1800,128,40,40,forward,LSTM,15,162,,
380,0.001,10000,3600,512,320,80,forward,FF,15,523,,
197,0.001,10000,3600,128,40,10,forward,FF,15,144,,
264,0.001,10000,300,32,160,20,forward,FF,15,590,,
101,0.001,10000,3600,128,40,40,forward,LSTM,15,156,,
13,0.001,10000,1800,32,80,10,forward,LSTM,15,593,,
437,0.001,10000,3600,128,40,20,forward,ZERO,15,219,,
68,0.001,10000,3600,512,80,20,forward,LSTM,15,250,,
421,0.001,10000,1800,32,320,10,forward,ZERO,15,304,,
624,0.001,10000,300,32,40,20,forward,RAND,15,19,,
71,0.001,10000,3600,1024,80,20,forward,LSTM,15,222,,
675,0.001,10000,300,128,40,40,forward,RAND,15,606,,
566,0.001,10000,3600,32,320,80,forward,ZERO,15,393,,
290,0.001,10000,3600,32,40,40,forward,FF,15,132,,
90,0.001,10000,300,512,320,20,forward,LSTM,15,602,,
523,0.001,10000,1800,512,320,40,forward,ZERO,15,357,,
626,0.001,10000,3600,32,40,20,forward,RAND,15,296,,
495,0.001,10000,300,128,80,40,forward,ZERO,15,106,,
559,0.001,10000,1800,512,160,80,forward,ZERO,15,733,,
155,0.001,10000,3600,1024,40,80,forward,LSTM,15,118,,
764,0.001,10000,3600,512,320,80,forward,RAND,15,192,,
158,0.001,10000,3600,32,80,80,forward,LSTM,15,468,,
509,0.001,10000,3600,128,160,40,forward,ZERO,15,345,,
7,0.001,10000,1800,512,40,10,forward,LSTM,15,588,,
366,0.001,10000,300,512,160,80,forward,FF,15,259,,
751,0.001,10000,1800,512,160,80,forward,RAND,15,314,,
228,0.001,10000,300,32,320,10,forward,FF,15,334,,
417,0.001,10000,300,1024,160,10,forward,ZERO,15,154,,
206,0.001,10000,3600,32,80,10,forward,FF,15,77,,
742,0.001,10000,1800,1024,80,80,forward,RAND,15,72,,
79,0.001,10000,1800,512,160,20,forward,LSTM,15,556,,
190,0.001,10000,1800,1024,320,80,forward,LSTM,15,140,,
492,0.001,10000,300,32,80,40,forward,ZERO,15,584,,
521,0.001,10000,3600,128,320,40,forward,ZERO,15,699,,
145,0.001,10000,1800,32,40,80,forward,LSTM,15,671,,
560,0.001,10000,3600,512,160,80,forward,ZERO,15,199,,
318,0.001,10000,300,512,160,40,forward,FF,15,489,,
741,0.001,10000,300,1024,80,80,forward,RAND,15,115,,
116,0.001,10000,3600,512,80,40,forward,LSTM,15,279,,
596,0.001,10000,3600,512,80,10,forward,RAND,15,591,,
457,0.001,10000,1800,32,160,20,forward,ZERO,15,685,,
144,0.001,10000,300,32,40,80,forward,LSTM,15,64,,
323,0.001,10000,3600,1024,160,40,forward,FF,15,125,,
573,0.001,10000,300,1024,320,80,forward,ZERO,15,539,,
643,0.001,10000,1800,512,80,20,forward,RAND,15,32,,
719,0.001,10000,3600,1024,320,40,forward,RAND,15,28,,
727,0.001,10000,1800,512,40,80,forward,RAND,15,543,,
0,0.001,10000,300,32,40,10,forward,LSTM,15,661,,
413,0.001,10000,3600,128,160,10,forward,ZERO,15,495,,
592,0.001,10000,1800,128,80,10,forward,RAND,15,438,,
180,0.001,10000,300,32,320,80,forward,LSTM,15,170,,
135,0.001,10000,300,128,320,40,forward,LSTM,15,37,,
83,0.001,10000,3600,1024,160,20,forward,LSTM,15,526,,
